COINCIDENCE, POP0, POP1, POP2, POP3, POP4, POP5, POP6, POP7, POP8
6247194064_R03C01, 0, 0, 0, 0, 0, 0, 1, 0, 0
6147071047_R08C01, 0, 0, 0, 0, 0, 0, 0, 0, 1
6171492053_R06C01, 0, 0, 0, 0, 0, 0, 0, 0, 1
6135601117_R07C01, 0, 0, 0, 0, 0, 0, 0, 0, 1
6186483093_R03C01, 0, 0, 0, 0, 0, 0, 0, 0, 1
6147062147_R04C01, 0, 0, 0, 0, 0, 0, 0, 0, 1
6160275021_R07C01, 0, 0, 0, 0, 0, 0, 0, 0, 1
6171492075_R01C01, 0, 0, 0, 0, 0, 0, 0, 0, 1
6171492078_R03C01, 0, 1, 0, 0, 0, 0, 0, 0, 0
6264533048_R07C01, 0, 0, 0, 0, 0, 0, 0, 0, 1
6135601115_R07C01, 0, 0, 0, 0, 0, 0, 0, 0, 1
6160304033_R03C01, 0, 0, 0, 0, 0, 0, 0, 0, 1
6135601012_R04C01, 0, 0, 0, 0, 0, 0, 0, 0, 1
6172882050_R01C01, 0, 0, 0, 0, 0, 0, 0, 0, 1
6160275012_R07C01, 0, 0, 0, 0, 0, 0, 0, 0, 1
6135601009_R06C01, 0, 0, 0, 0, 0, 0, 0, 0, 1
6042375080_R07C01, 0, 0, 0, 0, 0, 0, 0, 0, 1
6247194115_R08C01, 0, 0, 0, 0, 0, 0, 0, 0, 1
6135580001_R06C01, 0, 0, 0, 0, 0, 0, 0, 0, 1
6042375025_R08C01, 0, 0, 0, 0, 0, 0, 0, 0, 1
6171492084_R04C01, 0, 0, 0, 0, 0, 0, 0, 0, 1
6135580123_R05C01, 0, 0, 0, 0, 0, 0, 0, 0, 1
6147062055_R08C01, 0, 0, 0, 0, 0, 0, 0, 0, 1
6042341077_R03C01, 0, 0, 0, 0, 0, 0, 0, 0, 1
6135601162_R06C01, 0, 0, 0, 0, 0, 0, 0, 1, 0
6130471129_R01C01, 0, 0, 0, 0, 0, 0, 0, 0, 1
6135580057_R06C01, 1, 0, 0, 0, 0, 0, 0, 0, 0
6135601156_R04C01, 0, 0, 0, 0, 0, 0, 0, 0, 1
6171492055_R03C01, 0, 0, 0, 0, 0, 0, 0, 0, 1
6147071123_R02C01, 0, 0, 0, 0, 0, 0, 0, 0, 1
6147062162_R07C01, 0, 0, 0, 0, 0, 0, 0, 0, 1
6171492045_R01C01, 0, 0, 0, 0, 0, 0, 0, 0, 1
6186483093_R06C01, 0, 0, 0, 0, 0, 0, 0, 0, 1
6147062162_R03C01, 0, 0, 0, 0, 0, 1, 0, 0, 0
6171492086_R07C01, 0, 0, 0, 0, 1, 0, 0, 0, 0
6135571025_R08C01, 0, 0, 0, 0, 0, 0, 0, 0, 1
6160275043_R01C01, 1, 0, 0, 0, 0, 0, 0, 0, 0
6135563012_R07C01, 0, 0, 0, 0, 0, 0, 0, 0, 1
6171492045_R05C01, 0, 0, 0, 0, 0, 0, 0, 0, 1
6171492074_R05C01, 0, 1, 0, 0, 0, 0, 0, 0, 0
6171492060_R05C01, 0, 0, 0, 0, 0, 0, 0, 0, 1
6165295019_R01C01, 0, 0, 0, 0, 0, 0, 0, 0, 1
6165295021_R03C01, 0, 0, 0, 0, 0, 0, 0, 0, 1
6135580123_R08C01, 0, 0, 0, 0, 0, 0, 0, 0, 1
6042341089_R03C01, 0, 0, 0, 0, 0, 0, 0, 0, 1
6165295050_R04C01, 0, 0, 0, 0, 0, 0, 0, 0, 1
6171492068_R04C01, 0, 0, 0, 0, 0, 0, 0, 0, 1
6135601080_R02C01, 0, 0, 0, 0, 0, 0, 0, 0, 1
6147071157_R02C01, 0, 0, 0, 0, 0, 0, 0, 0, 1
6042375023_R05C01, 0, 1, 0, 0, 0, 0, 0, 0, 0
6147071123_R03C01, 0, 0, 0, 0, 0, 0, 1, 0, 0
6171492050_R05C01, 0, 0, 0, 0, 0, 0, 0, 0, 1
6186483090_R06C01, 0, 0, 0, 0, 0, 0, 1, 0, 0
6042375138_R04C01, 0, 0, 0, 0, 0, 0, 1, 0, 0
6160275059_R04C01, 0, 0, 0, 0, 0, 0, 0, 0, 1
6135601080_R01C01, 0, 0, 0, 0, 0, 0, 0, 0, 1
6147062102_R06C01, 0, 0, 0, 0, 0, 0, 1, 0, 0
6147062147_R01C01, 0, 0, 0, 0, 0, 0, 0, 0, 1
6135601034_R03C01, 0, 0, 0, 0, 0, 0, 0, 0, 1
6147062147_R08C01, 0, 0, 0, 0, 0, 0, 1, 0, 0
6147062167_R04C01, 0, 0, 0, 0, 0, 0, 0, 0, 1
6042341089_R04C01, 0, 0, 0, 0, 0, 0, 0, 0, 1
6042375101_R02C01, 0, 0, 0, 0, 0, 0, 1, 0, 0
6135580001_R02C01, 0, 0, 0, 0, 0, 0, 0, 0, 1
6135580011_R04C01, 0, 0, 0, 0, 0, 0, 1, 0, 0
6135580057_R02C01, 0, 0, 0, 0, 0, 0, 0, 0, 1
6135580118_R06C01, 0, 0, 0, 0, 0, 0, 0, 0, 1
6147071060_R04C01, 0, 0, 0, 0, 0, 0, 1, 0, 0
6147062133_R03C01, 0, 0, 0, 0, 0, 0, 0, 0, 1
6147062135_R08C01, 0, 0, 0, 0, 0, 0, 0, 0, 1
6135580073_R08C01, 0, 0, 0, 0, 0, 0, 0, 0, 1
6186483043_R04C01, 0, 0, 0, 0, 0, 1, 0, 0, 0
6042375044_R05C01, 0, 0, 0, 0, 0, 0, 0, 1, 0
6135580017_R06C01, 0, 0, 1, 0, 0, 0, 0, 0, 0
6171492086_R08C01, 0, 0, 0, 0, 0, 0, 1, 0, 0
6147054150_R05C01, 0, 0, 0, 0, 0, 0, 1, 0, 0
6135580017_R03C01, 0, 0, 1, 0, 0, 0, 0, 0, 0
6135580117_R05C01, 0, 0, 0, 0, 0, 0, 0, 0, 1
6160275019_R02C01, 0, 0, 0, 0, 0, 0, 0, 0, 1
6147071002_R05C01, 0, 0, 0, 0, 0, 0, 0, 0, 1
6135571025_R03C01, 0, 0, 0, 0, 0, 0, 1, 0, 0
6147071059_R02C01, 0, 0, 0, 0, 0, 0, 0, 0, 1
6247194011_R03C01, 0, 0, 0, 0, 0, 0, 1, 0, 0
6171492001_R03C01, 0, 0, 0, 0, 0, 0, 0, 0, 1
6147054122_R02C01, 0, 0, 0, 0, 0, 0, 1, 0, 0
6135601066_R07C01, 0, 0, 0, 0, 0, 0, 0, 0, 1
6147071123_R04C01, 0, 0, 0, 0, 0, 0, 1, 0, 0
6135601120_R03C01, 0, 0, 0, 0, 0, 0, 0, 0, 1
6042375104_R04C01, 0, 0, 0, 0, 0, 0, 1, 0, 0
6042375044_R07C01, 0, 0, 0, 0, 0, 0, 1, 0, 0
6160275044_R06C01, 0, 0, 0, 0, 0, 0, 0, 0, 1
6160275044_R07C01, 0, 0, 0, 0, 0, 0, 0, 0, 1
6042375138_R03C01, 0, 0, 0, 0, 0, 0, 0, 0, 1
6165295013_R01C01, 0, 0, 0, 0, 0, 0, 1, 0, 0
6160275012_R03C01, 0, 0, 0, 0, 0, 0, 1, 0, 0
6171492090_R03C01, 0, 0, 0, 0, 0, 0, 0, 0, 1
6135601086_R03C01, 0, 0, 0, 0, 0, 0, 0, 0, 1
6135601066_R08C01, 0, 0, 0, 0, 1, 0, 0, 0, 0
6135601151_R01C01, 0, 0, 0, 0, 0, 0, 0, 0, 1
6171492025_R02C01, 0, 0, 0, 0, 0, 0, 1, 0, 0
6135601008_R02C01, 0, 0, 0, 1, 0, 0, 0, 0, 0
6135601162_R01C01, 0, 0, 0, 0, 0, 0, 0, 1, 0
6135601130_R02C01, 0, 0, 0, 1, 0, 0, 0, 0, 0
6165295023_R01C01, 0, 0, 0, 0, 0, 0, 0, 1, 0
6042375053_R08C01, 0, 0, 0, 0, 0, 0, 0, 0, 1
6164663042_R01C01, 0, 0, 0, 1, 0, 0, 0, 0, 0
6165295051_R07C01, 0, 0, 0, 0, 0, 0, 0, 1, 0
6042375100_R01C01, 0, 0, 0, 0, 0, 0, 0, 0, 1
6042375101_R06C01, 0, 0, 0, 1, 0, 0, 0, 0, 0
6247194115_R04C01, 0, 0, 0, 1, 0, 0, 0, 0, 0
6135580145_R08C01, 0, 0, 0, 0, 0, 0, 0, 1, 0
6171492017_R03C01, 0, 0, 0, 1, 0, 0, 0, 0, 0
6171492025_R04C01, 0, 0, 0, 0, 0, 0, 0, 1, 0
6172882051_R08C01, 0, 0, 0, 0, 0, 0, 0, 0, 1
6042375045_R04C01, 0, 0, 0, 1, 0, 0, 0, 0, 0
6147071002_R02C01, 0, 0, 0, 1, 0, 0, 0, 0, 0
6171492069_R02C01, 0, 0, 0, 0, 0, 0, 0, 0, 1
6247194028_R02C01, 0, 0, 0, 1, 0, 0, 0, 0, 0
6147071060_R08C01, 0, 0, 0, 0, 0, 0, 0, 1, 0
6165295050_R02C01, 0, 0, 0, 1, 0, 0, 0, 0, 0
6135580027_R02C01, 0, 0, 0, 0, 0, 0, 0, 0, 1
6135601012_R07C01, 0, 0, 0, 1, 0, 0, 0, 0, 0
6247194117_R04C01, 0, 0, 0, 1, 0, 0, 0, 0, 0
6147062055_R02C01, 0, 0, 0, 0, 0, 0, 0, 0, 1
6135601153_R06C01, 0, 0, 0, 1, 0, 0, 0, 0, 0
